S No.,Language,Artist,Gender,Location,Local_Song_Index,Song  Name,Source,location_id,artist_id,gender_id,Emotion
1,Hindi,Kishore Kumar,Male,Northern India,1,Aise Na Mujhe Tum Dekho,https://www.youtube.com/watch?v=EU0NH3EZE6A,12,28,1,sad
2,Hindi,Kishore Kumar,Male,Northern India,2,Zindagi Ek Safar Hai,https://www.youtube.com/watch?v=jBspOUwBHRg&t=9s,12,28,1,fear
3,Hindi,Kishore Kumar,Male,Northern India,3,Neele Neele Ambar,https://www.youtube.com/watch?v=eVnG_Rqfgg4,12,28,1,netural
4,Hindi,Kishore Kumar,Male,Northern India,4,Manzilein Apni Jaga Hein,https://youtu.be/0-CZJ-aZGcY?t=7,12,28,1,angry
5,Hindi,Kishore Kumar,Male,Northern India,5,O Mere Dil Chain,https://youtu.be/5eyflIV8pzM?t=5,12,28,1,happy
6,Hindi,Sonu Nigam,Male,Northern India,1,Pyar Tera,https://www.youtube.com/watch?v=g7sOkFE3GgM,12,57,1,sad
7,Hindi,Sonu Nigam,Male,Northern India,2,Apnaa Mujhe Tu Lagaa,https://www.youtube.com/watch?v=KIzCpTA2p5Y,12,57,1,fear
8,Hindi,Sonu Nigam,Male,Northern India,3,Sab Kuch Bhula Diya,https://www.youtube.com/watch?v=xKx_80QM2LU,12,57,1,netural
9,Hindi,Sonu Nigam,Male,Northern India,4,Tu Hai,https://www.youtube.com/watch?v=kkHH1z3gnXE,12,57,1,angry
10,Hindi,Sonu Nigam,Male,Northern India,5,Sau Dard,https://www.youtube.com/watch?v=xo8JU-Vc1C0,12,57,1,happy
11,Hindi,Lata Mangeshkar,Female,Northern India,1,Naina Yeh Barse,https://youtu.be/BaxBHVp9Kiw?t=6,12,30,0,sad
12,Hindi,Lata Mangeshkar,Female,Northern India,2,Mere Ghar Aayi Ek,https://www.youtube.com/watch?v=COV1a8T5PDg,12,30,0,fear
13,Hindi,Lata Mangeshkar,Female,Northern India,3,Humein aur jeene ki,https://youtu.be/foaU-2n6WUs?t=6,12,30,0,netural
14,Hindi,Lata Mangeshkar,Female,Northern India,4,Wada na tod,https://www.youtube.com/watch?v=Oq6q4HPBc5Q,12,30,0,angry
15,Hindi,Lata Mangeshkar,Female,Northern India,5,Mere Khwabon Mein,https://www.youtube.com/watch?v=Zxgvob1Ew0c,12,30,0,happy
16,Hindi,Alka Yagnik,Female,Northern India,1,Tune Zindagi Mein Aake,https://www.youtube.com/watch?v=a2SByvJ9HwY,12,1,0,sad
17,Hindi,Alka Yagnik,Female,Northern India,2,Aankh Hai Bhari Bhari,https://www.youtube.com/watch?v=OgocnLh9P1M&t=20s,12,1,0,fear
18,Hindi,Alka Yagnik,Female,Northern India,3,Too Shayar Hai Main Teri Shayari,https://youtu.be/8HvgZ8XViHA?t=14,12,1,0,netural
19,Hindi,Alka Yagnik,Female,Northern India,4,Der Se Hua,https://www.youtube.com/watch?v=HB0Hlx9heF0,12,1,0,angry
20,Hindi,Alka Yagnik,Female,Northern India,5,Dil Cheer Ke Dekh Tera Hi Naam Hoga,https://www.youtube.com/watch?v=HB0Hlx9heF0,12,1,0,happy
21,Gujarati,Atul Purohit,Male,Gujarat,1,Tara Naam Ni Chundadi Odhi  Rangbhini,https://www.youtube.com/watch?v=rLesB-0BtJc,3,7,1,sad
22,Gujarati,Atul Purohit,Male,Gujarat,2,Tadakaa lyo ,https://youtu.be/nTtCwUiYVJE?list=RDrLesB-0BtJc,3,7,1,fear
23,Gujarati,Atul Purohit,Male,Gujarat,3, Aaj No Chandaliyo,https://youtu.be/jETTHxbYAEg?list=RDrLesB-0BtJc,3,7,1,netural
24,Gujarati,Atul Purohit,Male,Gujarat,4, Ae Morlo Ambe Bole Jay Jagadambe Bole,https://www.youtube.com/watch?v=iCr50bPNAQg&list=RDrLesB-0BtJc&index=14,3,7,1,angry
25,Gujarati,Atul Purohit,Male,Gujarat,5,Gori Radha Ne Kado Kaan,https://youtu.be/lc9Agd7Lp6E,3,7,1,happy
26,Gujarati,Devang Patel,Male,Gujarat,1,Dikro Maro Darudiyoby,https://www.youtube.com/watch?v=EGq589AIKUs,3,13,1,sad
27,Gujarati,Devang Patel,Male,Gujarat,2,anand ma raho,https://www.youtube.com/watch?v=i-ksI7SlR9w,3,13,1,fear
28,Gujarati,Devang Patel,Male,Gujarat,3,Ubho Tha,https://www.youtube.com/watch?v=MYuTM0PjJq8,3,13,1,netural
29,Gujarati,Devang Patel,Male,Gujarat,4,Rangai jaane ranga ma,https://www.youtube.com/watch?v=7LJebJZIkqc,3,13,1,angry
30,Gujarati,Devang Patel,Male,Gujarat,5,Jalsa Kar Bapu Jalsa Kar,https://youtu.be/VE0f8ahiwv4,3,13,1,happy
31,Gujarati,Falguni Pathak,Female,Gujarat,1,Indhana Vinvaa Gayi Thi More Saiyan,https://www.youtube.com/watch?v=Q_ZXz9Omq4k,3,15,0,sad
32,Gujarati,Falguni Pathak,Female,Gujarat,2,Kaka bapa nawith nagin beats,https://www.youtube.com/watch?v=-vYmMY1ifNg,3,15,0,fear
33,Gujarati,Falguni Pathak,Female,Gujarat,3,Kesariyo Rang Tane Lagyo Amu Kaka Bapa Na,https://www.youtube.com/watch?v=rdDe6VWP-9s,3,15,0,netural
34,Gujarati,Falguni Pathak,Female,Gujarat,4,Mane Mavtar Made Tho Maa Amba Jeva Madjo,https://www.youtube.com/watch?v=Jl4xJ0JrzPk,3,15,0,angry
35,Gujarati,Falguni Pathak,Female,Gujarat,5,Dumbar Vagya Re Maana  Tu Toh Rajapara Pujani Re Maa  Khel Khel Re Bhawani Maa,https://www.youtube.com/watch?v=OEdi7yGkU_Q,3,15,0,happy
36,Gujarati,Geeta Rabari,Female,Gujarat,1,Dhol Nagada,https://www.youtube.com/watch?v=_ggGmwlWymY,3,17,0,sad
37,Gujarati,Geeta Rabari,Female,Gujarat,2,Rona Ser Ma,https://www.youtube.com/watch?v=35mYQ8bqp1A,3,17,0,fear
38,Gujarati,Geeta Rabari,Female,Gujarat,3,Tere Jaisha Yaar Kaha,https://www.youtube.com/watch?v=gGJ2QhIc98o,3,17,0,netural
39,Gujarati,Geeta Rabari,Female,Gujarat,4,Koni Pade Entry,https://www.youtube.com/watch?v=kAsl6jzj4uI,3,17,0,angry
40,Gujarati,Geeta Rabari,Female,Gujarat,5,Tara Vina Gamtu Nathi,https://www.youtube.com/watch?v=TO61mEHHoeQ,3,17,0,happy
41,Marathi,Hridaynath Mangeshkar,Male,Maharashtra,1,Nako dev raya  sadhi maanase,https://youtu.be/5pyg-7mPo8Q?list=PLE7F1kOqK5KeJTSoOBB0cKxCLaa712QL9,7,22,1,sad
42,Marathi,Hridaynath Mangeshkar,Male,Maharashtra,2,Tya Phoolanchya Gandh Koshi,https://www.youtube.com/watch?v=Gzfmk3oKiMM,7,22,1,fear
43,Marathi,Hridaynath Mangeshkar,Male,Maharashtra,3,Laajun Hasane,https://www.youtube.com/watch?v=SD84K-KtheA,7,22,1,netural
44,Marathi,Hridaynath Mangeshkar,Male,Maharashtra,4,Kevha tari pahate,https://youtu.be/Sl5k1DWU6Gk?list=PL81D73A683744E186,7,22,1,angry
45,Marathi,Hridaynath Mangeshkar,Male,Maharashtra,5,Jivalaga,https://youtu.be/rKmFFd2txAc,7,22,1,happy
46,Marathi,Milind Ingle,Male,Maharashtra,1,Gaarva,https://www.youtube.com/watch?v=fZ5Z1pn3HTs,7,35,1,sad
47,Marathi,Milind Ingle,Male,Maharashtra,2,Rimjhim Dhun,https://www.youtube.com/watch?v=cwV1edYqC0M,7,35,1,fear
48,Marathi,Milind Ingle,Male,Maharashtra,3,Gaar Vaara Ha Bharara,https://www.youtube.com/watch?v=23Yqx4fckus,7,35,1,netural
49,Marathi,Milind Ingle,Male,Maharashtra,4,Jhada Khali Baslele,https://www.youtube.com/watch?v=iCPeImbanew,7,35,1,angry
50,Marathi,Milind Ingle,Male,Maharashtra,5,Punha Pavsalach Sangayache,https://www.youtube.com/watch?v=UGqIKx4i2xk,7,35,1,happy
51,Marathi,Shridhar Phadke,Male,Maharashtra,1,Kahi Bolayache Aahe,https://www.youtube.com/watch?v=h_klpgRTHpc,7,53,1,sad
52,Marathi,Shridhar Phadke,Male,Maharashtra,2,Tula Pahile Mi,https://www.youtube.com/watch?v=02Bw5PKPOqs,7,53,1,fear
53,Marathi,Shridhar Phadke,Male,Maharashtra,3,Ek dhaaga sukhaacha,https://www.youtube.com/watch?v=iYWtcaKepI8,7,53,1,netural
54,Marathi,Shridhar Phadke,Male,Maharashtra,4,Phite Andharache Jale,https://www.youtube.com/watch?v=GKOEi9p_VaM,7,53,1,angry
55,Marathi,Shridhar Phadke,Male,Maharashtra,5,Mana Manaas Umagat Naahi,https://www.youtube.com/watch?v=Ikx26HFj_SM,7,53,1,happy
56,Marathi,Vaishali Samant,Female,Maharashtra,1,Angani Majhya,https://www.youtube.com/watch?v=c8olVjKGD7U,7,63,0,sad
57,Marathi,Vaishali Samant,Female,Maharashtra,2,Kusumita,https://www.youtube.com/watch?v=Whk4CUr9oBU,7,63,0,fear
58,Marathi,Vaishali Samant,Female,Maharashtra,3,Aabhas ha,https://www.youtube.com/watch?v=6bVLQVX96GQ,7,63,0,netural
59,Marathi,Vaishali Samant,Female,Maharashtra,4,Mera Dadla,https://www.youtube.com/watch?v=Ap3g5j1V8kc,7,63,0,angry
60,Marathi,Vaishali Samant,Female,Maharashtra,5,Aika Dajiba,https://youtu.be/4GowgfCbYmM?list=PLGpLqaMxppFr6rlBCS_mD29iouh41gDS8,7,63,0,happy
61,Konkani,Remo Fernandes,Male,Goa,1,Ya Ya Maya Ya,https://www.youtube.com/watch?v=khQ83TyK0Hw,2,46,1,sad
62,Konkani,Remo Fernandes,Male,Goa,2,Maria Pitache Barra de Damão,https://www.youtube.com/watch?v=xHikvvdXQEg,2,46,1,fear
63,Konkani,Remo Fernandes,Male,Goa,3,Meera Meera,https://www.youtube.com/watch?v=osOHCI6kxWk,2,46,1,netural
64,Konkani,Remo Fernandes,Male,Goa,4,Surganchi,https://www.youtube.com/watch?v=KkFIVpcQ28Y,2,46,1,angry
65,Konkani,Remo Fernandes,Male,Goa,5,Goan,https://www.youtube.com/watch?v=DoUyT5FqUE4,2,46,1,happy
66,Konkani,Amit Naik,Male,Goa,1,Unkahi Kahani,https://www.youtube.com/watch?v=PpEkRHkIWvY,2,2,1,sad
67,Konkani,Amit Naik,Male,Goa,2,Pedru Poder Jiklo,https://www.youtube.com/watch?v=iqQ1MjjVzLg,2,2,1,fear
68,Konkani,Amit Naik,Male,Goa,3,Lofde,https://www.youtube.com/watch?v=DalVTpaTRdw,2,2,1,netural
69,Konkani,Amit Naik,Male,Goa,4,Haav Jiktelo,https://www.youtube.com/watch?v=5RfIm88NT7A,2,2,1,angry
70,Konkani,Amit Naik,Male,Goa,5,Direct Chandrar,https://youtu.be/CZoGiyR5Mtc,2,2,1,happy
71,Konkani,Xavier Gomes,Male,Goa,1,Boddi,https://www.youtube.com/watch?v=eLt6HGVa0oE,2,66,1,sad
72,Konkani,Xavier Gomes,Male,Goa,2,Mutt Bhor Mati,https://www.youtube.com/watch?v=eVQxrT8hOlk,2,66,1,fear
73,Konkani,Xavier Gomes,Male,Goa,3,Fator,https://www.youtube.com/watch?v=JVXnlSwDmPY,2,66,1,netural
74,Konkani,Xavier Gomes,Male,Goa,4,Piso,https://www.youtube.com/watch?v=68_BY0ho_3M,2,66,1,angry
75,Konkani,Xavier Gomes,Male,Goa,5,Bhavacho Mog,https://www.youtube.com/watch?v=_Qcr3J8MYNY,2,66,1,happy
76,Konkani,Lorna Cordeiro,Female,Goa,1,Ugddas Yeta,https://www.youtube.com/watch?v=w2NccEDUVGQ,2,31,0,sad
77,Konkani,Lorna Cordeiro,Female,Goa,2,Goan,https://www.youtube.com/watch?v=ayTcLZt-PwM,2,31,0,fear
78,Konkani,Lorna Cordeiro,Female,Goa,3,Noxibak Roddtam,https://www.youtube.com/watch?v=d_pLxc0-RUs,2,31,0,netural
79,Konkani,Lorna Cordeiro,Female,Goa,4,Gomeche Police,https://www.youtube.com/watch?v=3CTRd93DRCs,2,31,0,angry
80,Konkani,Lorna Cordeiro,Female,Goa,5,Dennem,https://www.youtube.com/watch?v=0Ci2ksLZ_LE,2,31,0,happy
81,Bengali,Manna Dey,Male,West Bengal,1,Sabai To Sukhi Hote Chay,https://www.youtube.com/watch?v=fdyB76xEUlk,16,33,1,sad
82,Bengali,Manna Dey,Male,West Bengal,2,Khub Jante Ichchha Kare,https://www.youtube.com/watch?v=uYaVDIjZp1o,16,33,1,fear
83,Bengali,Manna Dey,Male,West Bengal,3,Coffee houser sei addata,https://www.youtube.com/watch?v=UEvny4Z4xJo,16,33,1,netural
84,Bengali,Manna Dey,Male,West Bengal,4,Jodi Kagoje Lekho Naam,https://www.youtube.com/watch?v=jIaIXjBqyjE,16,33,1,angry
85,Bengali,Manna Dey,Male,West Bengal,5,Ka Phonta Chokher Jal Phelechho,https://www.youtube.com/watch?v=vlbdRVFuB6I,16,33,1,happy
86,Bengali,Arijit Singh,Male,West Bengal,1,Tomake Chai,https://www.youtube.com/watch?v=1f18irP--O8,16,5,1,sad
87,Bengali,Arijit Singh,Male,West Bengal,2,Kichhu Kichhu Kotha,https://www.youtube.com/watch?v=so2HoeW9gPA,16,5,1,fear
88,Bengali,Arijit Singh,Male,West Bengal,3,Tomake Chuye Dilam ,https://www.youtube.com/watch?v=d7R14fHYooA,16,5,1,netural
89,Bengali,Arijit Singh,Male,West Bengal,4,Parbona,https://www.youtube.com/watch?v=5L4ZLPKSVlY,16,5,1,angry
90,Bengali,Arijit Singh,Male,West Bengal,5,Bojhena Shey Bojhena,https://www.youtube.com/watch?v=J2JQQm1h6xQ,16,5,1,happy
91,Bengali,Geeta Dutt,Female,West Bengal,1,Tumi Je Amar Ogo Tumi Je Amar,https://www.youtube.com/watch?v=xdoBOBg_U3Q,16,16,0,sad
92,Bengali,Geeta Dutt,Female,West Bengal,2,Ei Sundar Swarnali Sandhyay,https://www.youtube.com/watch?v=e-wTFB_M6k4,16,16,0,fear
93,Bengali,Geeta Dutt,Female,West Bengal,3,Nishiraat Banka Chand  Prithibi Amare Chai,https://www.youtube.com/watch?v=Kk1QO65wb94,16,16,0,netural
94,Bengali,Geeta Dutt,Female,West Bengal,4,Banshi Bujhi Sei Sure  Sathi Hara,https://www.youtube.com/watch?v=DcPPjoJZYg0,16,16,0,angry
95,Bengali,Geeta Dutt,Female,West Bengal,5,Ei Mayabi Tithi,https://www.youtube.com/watch?v=Yh-C37HKnI0,16,16,0,happy
96,Bengali,Shreya Ghoshal,Female,West Bengal,1,Mon Metechhe,https://www.youtube.com/watch?v=M8nj-lRbmoo,16,52,0,sad
97,Bengali,Shreya Ghoshal,Female,West Bengal,2,Isharay Mon Ki Bhore,https://www.youtube.com/watch?v=3fiIIU7WrL8,16,52,0,fear
98,Bengali,Shreya Ghoshal,Female,West Bengal,3,O Paakhi Ure aai,https://www.youtube.com/watch?v=g4DpufISTxg,16,52,0,netural
99,Bengali,Shreya Ghoshal,Female,West Bengal,4,Ei Mom Jochnai,https://www.youtube.com/watch?v=thNeWULDVLo,16,52,0,angry
100,Bengali,Shreya Ghoshal,Female,West Bengal,5,Nodir Jemon Jharna Ache,https://www.youtube.com/watch?v=ssr2ATkL8MM,16,52,0,happy
101,Oriya,Akshay Mohanty,Male,Odisha,1,Kabata Kholila Priye,https://www.youtube.com/watch?v=MkoLViiVmkk,13,0,1,sad
102,Oriya,Akshay Mohanty,Male,Odisha,2,Chithi Mora,https://www.youtube.com/watch?v=XTCfJX6Fiok,13,0,1,fear
103,Oriya,Akshay Mohanty,Male,Odisha,3,Theme song of Jajabara ,https://www.youtube.com/watch?v=JT8lu7MxVPk,13,0,1,netural
104,Oriya,Akshay Mohanty,Male,Odisha,4,Jhia Dekhili Tiniti,https://www.youtube.com/watch?v=0jWbsjGxREY,13,0,1,angry
105,Oriya,Akshay Mohanty,Male,Odisha,5,Hrudayara Ei Suntataku,https://www.youtube.com/watch?v=X0G_eqEjhW4,13,0,1,happy
106,Oriya,Bishnu Mohan Kabi,Male,Odisha,1,Mana Anumati Mage,https://www.youtube.com/watch?v=JwSqFOX39LQ,13,11,1,sad
107,Oriya,Bishnu Mohan Kabi,Male,Odisha,2,TATE CHANHIBAA RE,https://www.youtube.com/watch?v=FDNONhoQ7uI,13,11,1,fear
108,Oriya,Bishnu Mohan Kabi,Male,Odisha,3,Bandhu Sampark,https://www.youtube.com/watch?v=xgHMY-Cx4Qs,13,11,1,netural
109,Oriya,Bishnu Mohan Kabi,Male,Odisha,4,Palakare Mu Tate,https://www.youtube.com/watch?v=ikz6kpVg70s,13,11,1,angry
110,Oriya,Bishnu Mohan Kabi,Male,Odisha,5,Lakhye Papa Karichi Ei Mora Dui Hata,https://www.youtube.com/watch?v=aSdba6MjW_c,13,11,1,happy
111,Oriya,Ira Mohanty,Female,Odisha,1,Ramare Ramare,https://www.youtube.com/watch?v=eEUJpfLLxys,13,23,0,sad
112,Oriya,Ira Mohanty,Female,Odisha,2,O SAAJANNEW,https://www.youtube.com/watch?v=BazQXiG12EM,13,23,0,fear
113,Oriya,Ira Mohanty,Female,Odisha,3,Dhire Dhire Tu,https://www.youtube.com/watch?v=zisqJ40PrBo,13,23,0,netural
114,Oriya,Ira Mohanty,Female,Odisha,4,Tu Nothile,https://www.youtube.com/watch?v=npDA6ycirQo,13,23,0,angry
115,Oriya,Ira Mohanty,Female,Odisha,5,Tu Mo Akhira Tara,https://www.youtube.com/watch?v=Tt-WbqbTvxM,13,23,0,happy
116,Oriya,Tapu Mishra,Female,Odisha,1,Aakhi Ta Thila,https://www.youtube.com/watch?v=bvK7m0-2ZNI,13,60,0,sad
117,Oriya,Tapu Mishra,Female,Odisha,2,Kichi bata chali puni,https://www.youtube.com/watch?v=sGHHkOLnkYg,13,60,0,fear
118,Oriya,Tapu Mishra,Female,Odisha,3,Faguna Re Faguna,https://www.youtube.com/watch?v=dXimx-3YZYg,13,60,0,netural
119,Oriya,Tapu Mishra,Female,Odisha,4,Dheere Dheere,https://www.youtube.com/watch?v=MSBi-PaBWNo,13,60,0,angry
120,Oriya,Tapu Mishra,Female,Odisha,5,Tate Chuinbaku Icha  Hele Dara Laguchi,https://www.youtube.com/watch?v=1teHxCxdk-w,13,60,0,happy
121,Kashmiri,Rashid Jahangir,Male,Jammu and Kashmir,1,Tul Parde Royas,https://www.youtube.com/watch?v=uh5Kf1GaiDU,4,45,1,sad
122,Kashmiri,Rashid Jahangir,Male,Jammu and Kashmir,2,Waloo Maashok Myane,https://www.youtube.com/watch?v=Jg7Qu9kLyRY,4,45,1,fear
123,Kashmiri,Rashid Jahangir,Male,Jammu and Kashmir,3,Ya Mustafa,https://www.youtube.com/watch?v=afA1Ozw_VRg,4,45,1,netural
124,Kashmiri,Rashid Jahangir,Male,Jammu and Kashmir,4,Gasti Val Val Waavi,https://www.youtube.com/watch?v=JLAiAiAya1I,4,45,1,angry
125,Kashmiri,Rashid Jahangir,Male,Jammu and Kashmir,5,Ha yaari mokhti haari gandtho bi hatay lo,https://www.youtube.com/watch?v=KzOtqmUaibc,4,45,1,happy
126,Kashmiri,Waheed Jeelani,Male,Jammu and Kashmir,1,SHAAM GOV,https://www.youtube.com/watch?v=XY0EVuwV0qM,4,64,1,sad
127,Kashmiri,Waheed Jeelani,Male,Jammu and Kashmir,2,Lolkis Safras,https://www.youtube.com/watch?v=eH28BGfI3sk,4,64,1,fear
128,Kashmiri,Waheed Jeelani,Male,Jammu and Kashmir,3,Doye Khair Karus Puot Aalov,https://www.youtube.com/watch?v=DNouaJkNU_A,4,64,1,netural
129,Kashmiri,Waheed Jeelani,Male,Jammu and Kashmir,4,Sochh Kraal,https://www.youtube.com/watch?v=i-u1JenknHU,4,64,1,angry
130,Kashmiri,Waheed Jeelani,Male,Jammu and Kashmir,5,Mouji Kasheer,https://www.youtube.com/watch?v=uDhye_PK_J0,4,64,1,happy
131,Kashmiri,Raj Begum,Female,Jammu and Kashmir,1,DDK,https://www.youtube.com/watch?v=IyNrYhQfz0g,4,42,0,sad
132,Kashmiri,Raj Begum,Female,Jammu and Kashmir,2,Cze Kar Yaad Pemai,https://www.youtube.com/watch?v=QA7aRJWBCk4,4,42,0,fear
133,Kashmiri,Raj Begum,Female,Jammu and Kashmir,3,Vesiye Gulan aamay bahaar,https://www.youtube.com/watch?v=0Xf10V0MSQQ,4,42,0,netural
134,Kashmiri,Raj Begum,Female,Jammu and Kashmir,4,Dill Tchooran Dill hai,https://www.youtube.com/watch?v=4f-R2JkHHe8,4,42,0,angry
135,Kashmiri,Raj Begum,Female,Jammu and Kashmir,5,A Rich Tribute To Melodious Voice Of Kashmir,https://www.youtube.com/watch?v=fDMbdOu9U9A,4,42,0,happy
136,Kashmiri,Shameema Dev Azad,Female,Jammu and Kashmir,1,Kashmiri song by shameema azad,https://www.youtube.com/watch?v=ylQM_QT5wJE,4,51,0,sad
137,Kashmiri,Shameema Dev Azad,Female,Jammu and Kashmir,2,CHE YEVAAN ROSHE CHUKH NATE,https://www.youtube.com/watch?v=hut6K2G2IFE,4,51,0,fear
138,Kashmiri,Shameema Dev Azad,Female,Jammu and Kashmir,3,Yeli Yaad Pewaan Panun,https://www.youtube.com/watch?v=I1e665RPDIA,4,51,0,netural
139,Kashmiri,Shameema Dev Azad,Female,Jammu and Kashmir,4,BAH KHUDA SAARIE KHUDAYIE,https://www.youtube.com/watch?v=mMaaqHi2Xyw,4,51,0,angry
140,Kashmiri,Shameema Dev Azad,Female,Jammu and Kashmir,5,VESIYE NARAY,https://www.youtube.com/watch?v=KsgMZDp1DiA,4,51,0,happy
141,Assamese,Bhupen Hazarika,Male,Assam,1,Manuhe Manuhor Babe,https://www.youtube.com/watch?v=tgTCbTFUrf4,1,10,1,sad
142,Assamese,Bhupen Hazarika,Male,Assam,2,SANKARE HISE  CHINAKI GEET,https://www.youtube.com/watch?v=IBETthP-l1M,1,10,1,fear
143,Assamese,Bhupen Hazarika,Male,Assam,3,Bistirna Dupare,https://www.youtube.com/watch?v=XGeccjWtWnc,1,10,1,netural
144,Assamese,Bhupen Hazarika,Male,Assam,4,Aai tuk kihere pujime,https://www.youtube.com/watch?v=TUYYE134aic,1,10,1,angry
145,Assamese,Bhupen Hazarika,Male,Assam,5,Moi Jetai Ei Jibonor,https://www.youtube.com/watch?v=Ng8c8iz5KQc,1,10,1,happy
146,Assamese,Zubeen Garg,Male,Assam,1,SILAA,https://www.youtube.com/watch?v=WH8YIOKAgEc,1,67,1,sad
147,Assamese,Zubeen Garg,Male,Assam,2,Pakhi Pakhi Aei Mon,https://www.youtube.com/watch?v=R2Q96UOMYvI,1,67,1,fear
148,Assamese,Zubeen Garg,Male,Assam,3,Nesau Tumak Ebaru,https://www.youtube.com/watch?v=7D3xgJB55dM,1,67,1,netural
149,Assamese,Zubeen Garg,Male,Assam,4,Atori Atori Thakileu Tumi,https://www.youtube.com/watch?v=zsLtNFEq_9w,1,67,1,angry
150,Assamese,Zubeen Garg,Male,Assam,5,Aei Mayar Dharat,https://www.youtube.com/watch?v=45ZPFwsfeu0,1,67,1,happy
151,Assamese,Dipali Barthakur,Female,Assam,1,Zondhane Jonalite,https://www.youtube.com/watch?v=i7vGQQlSpoI,1,14,0,sad
152,Assamese,Dipali Barthakur,Female,Assam,2,Xonor Kharu Nelage Mok,https://www.youtube.com/watch?v=_OZXtUsGkBE,1,14,0,fear
153,Assamese,Dipali Barthakur,Female,Assam,3,Bondhu Xomoi Pale Aamar Phale,https://www.youtube.com/watch?v=QU9EWaVSoB0,1,14,0,netural
154,Assamese,Dipali Barthakur,Female,Assam,4,O Senai Moi Jao Dei,https://www.youtube.com/watch?v=gOAmNYv0TUI,1,14,0,angry
155,Assamese,Dipali Barthakur,Female,Assam,5,Senai Moi jau,https://www.youtube.com/watch?v=V7Qv637nLrI,1,14,0,happy
156,Assamese,Tarali Sarma,Female,Assam,1,AHIBA TUMI,https://www.youtube.com/watch?v=CVCXwf8vDaI,1,61,0,sad
157,Assamese,Tarali Sarma,Female,Assam,2,Henguliya Xopune,https://www.youtube.com/watch?v=pg5jXsCgEyo,1,61,0,fear
158,Assamese,Tarali Sarma,Female,Assam,3,Tomar Babe,https://www.youtube.com/watch?v=yOPkI3eTwUk,1,61,0,netural
159,Assamese,Tarali Sarma,Female,Assam,4,Aaghunor Xopun Khedi,https://www.youtube.com/watch?v=hG9ytcfaM0U,1,61,0,angry
160,Assamese,Tarali Sarma,Female,Assam,5,Tumi Aahibaane,https://www.youtube.com/watch?v=lCas9jBQivk,1,61,0,happy
161,Nepali,Narayan Gopal,Male,Nepal,1,Mero Aankha Lai Rakhne,https://www.youtube.com/watch?v=qyx8zz-EQCs,11,37,1,sad
162,Nepali,Narayan Gopal,Male,Nepal,2,Kehi Mitho Baat Gara,https://www.youtube.com/watch?v=LFR4eMQzUr4,11,37,1,fear
163,Nepali,Narayan Gopal,Male,Nepal,3,Malai Nasodha,https://www.youtube.com/watch?v=Pkj6YFJFI8U,11,37,1,netural
164,Nepali,Narayan Gopal,Male,Nepal,4,Jun Phool Maile,https://www.youtube.com/watch?v=JoC1ZCbmpMs,11,37,1,angry
165,Nepali,Narayan Gopal,Male,Nepal,5,Priyasi ka yaad haru,https://www.youtube.com/watch?v=_X6dG9WRHeQ,11,37,1,happy
166,Nepali,Raju Lama,Male,Nepal,1,Timilai Dekhera,https://www.youtube.com/watch?v=OlYoCjUGPJ4,11,44,1,sad
167,Nepali,Raju Lama,Male,Nepal,2,SAILUNGE MELA,https://www.youtube.com/watch?v=Mu_hFDykAtg,11,44,1,fear
168,Nepali,Raju Lama,Male,Nepal,3,Mero Nepal,https://www.youtube.com/watch?v=Q9zdnFjmdL8,11,44,1,netural
169,Nepali,Raju Lama,Male,Nepal,4,SHERPINI AAJI,https://www.youtube.com/watch?v=mpDIMUHnvrk,11,44,1,angry
170,Nepali,Raju Lama,Male,Nepal,5,BISTARAI BISTARAI,https://www.youtube.com/watch?v=3jV8y1B9UPM,11,44,1,happy
171,Nepali,Aruna Lama,Female,Nepal,1,POHOR SAAL KHUSI,https://www.youtube.com/watch?v=8uIaRZrB6Jk,11,6,0,sad
172,Nepali,Aruna Lama,Female,Nepal,2,Eklai Basda,https://www.youtube.com/watch?v=qJQ8Wxc0Aps,11,6,0,fear
173,Nepali,Aruna Lama,Female,Nepal,3,Eh Kancha Malai Sunko Tara,https://www.youtube.com/watch?v=7pOVG4o7914,11,6,0,netural
174,Nepali,Aruna Lama,Female,Nepal,4,Himal Sari,https://www.youtube.com/watch?v=xiTV_ve92xw,11,6,0,angry
175,Nepali,Aruna Lama,Female,Nepal,5,Ma Ta Chupchap,https://www.youtube.com/watch?v=rIgou_By3fw,11,6,0,happy
176,Nepali,Anju Panta,Female,Nepal,1,Maile Timilai Chahera,https://www.youtube.com/watch?v=2TwUZ26k6y0,11,3,0,sad
177,Nepali,Anju Panta,Female,Nepal,2,Na Birse Timilai Na Paye Timilai,https://www.youtube.com/watch?v=dWv2ZytVwDI,11,3,0,fear
178,Nepali,Anju Panta,Female,Nepal,3,Malai Basuri Le,https://www.youtube.com/watch?v=RUZZyfm8-mo,11,3,0,netural
179,Nepali,Anju Panta,Female,Nepal,4,Badaliau Timi,https://www.youtube.com/watch?v=wJxkdE7rgr0,11,3,0,angry
180,Nepali,Anju Panta,Female,Nepal,5,Timilai Maya Garchhu,https://www.youtube.com/watch?v=98lJO0r6YNQ,11,3,0,happy
181,Nagamese,Silas Kikon,Male,Nagaland,1,Choro Kupi,https://www.youtube.com/watch?v=xV9I2nFqn1Y,10,55,1,sad
182,Nagamese,Silas Kikon,Male,Nagaland,2,A EKUM SHI NCHUMI ZESI ANUNGRALA  LOTHA,https://www.youtube.com/watch?v=RzueFgIn5sQ,10,55,1,fear
183,Nagamese,Silas Kikon,Male,Nagaland,3,ANZANSI HETATA TIKANGTSUA  LOTHA ,https://www.youtube.com/watch?v=03nOUe7fn5g,10,55,1,netural
184,Nagamese,Silas Kikon,Male,Nagaland,4,A LOTHA META,https://www.youtube.com/watch?v=aYTIBqagq1k,10,55,1,angry
185,Nagamese,Silas Kikon,Male,Nagaland,5,MUNGYANCHI,https://www.youtube.com/watch?v=RThe4Fe18CY,10,55,1,happy
186,Nagamese,David Konyak,Male,Nagaland,1,Dukhia Laga Awaz,https://www.youtube.com/watch?v=jWRVKrrHAb8,10,12,1,sad
187,Nagamese,David Konyak,Male,Nagaland,2,Kaun to christian,https://www.youtube.com/watch?v=z8TMZ3JIkpA,10,12,1,fear
188,Nagamese,David Konyak,Male,Nagaland,3,Sapna hoisa,https://www.youtube.com/watch?v=mdE46TE87A0,10,12,1,netural
189,Nagamese,David Konyak,Male,Nagaland,4,BEST NAGAMESE SONG,https://www.youtube.com/watch?v=CIQidnCg-Cc,10,12,1,angry
190,Nagamese,David Konyak,Male,Nagaland,5,Moram Kora PapaAma,https://www.youtube.com/watch?v=vp7m64eGm14,10,12,1,happy
191,Nagamese,Tetseo Sisters,Female,Nagaland,1,O Rhosi,https://www.youtube.com/watch?v=hCH9Dx2tn_s,10,62,0,sad
192,Nagamese,Tetseo Sisters,Female,Nagaland,2,Hiyo,https://www.youtube.com/watch?v=JxUmMA9LsK8,10,62,0,fear
193,Nagamese,Tetseo Sisters,Female,Nagaland,3,Naga folk song,https://www.youtube.com/watch?v=7ijkTAYdUSg,10,62,0,netural
194,Nagamese,Tetseo Sisters,Female,Nagaland,4,Rinyielu Lizo,https://www.youtube.com/watch?v=RZUhqqu9oOo,10,62,0,angry
195,Nagamese,Tetseo Sisters,Female,Nagaland,5,Mürinulü Lizo ,https://www.youtube.com/watch?v=RpalPYEyNuo,10,62,0,happy
196,Nagamese,Mengu Suokhrie,Female,Nagaland,1,Adaad Notun,https://www.youtube.com/watch?v=Biv03SXyypc,10,34,0,sad
197,Nagamese,Mengu Suokhrie,Female,Nagaland,2,Music of Nagaland Mengu Suokhrie Adielo,https://www.youtube.com/watch?v=1Xd6HCUXCkA,10,34,0,fear
198,Nagamese,Mengu Suokhrie,Female,Nagaland,3,A KechaMengu,https://www.youtube.com/watch?v=JTRB_SGMAVs,10,34,0,netural
199,Nagamese,Mengu Suokhrie,Female,Nagaland,4,Kenei Thenou Kenei,https://www.youtube.com/watch?v=1fFb4j5ZF9c,10,34,0,angry
200,Nagamese,Mengu Suokhrie,Female,Nagaland,5,Mengu suokhrie  Adaad Notun,https://www.youtube.com/watch?v=xUrdLfKrcaE,10,34,0,happy
201,Manipuri,Nongmaithem Pahari,Male,Manipur,1,Nuja Kanagi Chenglouno,https://www.youtube.com/watch?v=pmnOyUlY3z4,8,38,1,sad
202,Manipuri,Nongmaithem Pahari,Male,Manipur,2,Ningshingli Meragi,https://www.youtube.com/watch?v=gnDuYFGZRT4,8,38,1,fear
203,Manipuri,Nongmaithem Pahari,Male,Manipur,3,Nangi Maithong Urubada,https://www.youtube.com/watch?v=Bgg_OVum-aM,8,38,1,netural
204,Manipuri,Nongmaithem Pahari,Male,Manipur,4,Lakle Ngashisu,https://www.youtube.com/watch?v=Tcni4-Quoc0,8,38,1,angry
205,Manipuri,Nongmaithem Pahari,Male,Manipur,5,Kru Ku Ku Khongli,https://www.youtube.com/watch?v=lcYctfh9XJY,8,38,1,happy
206,Manipuri,B. Kunjabihari Sharma,Male,Manipur,1,Punshisina Ahanba,https://www.youtube.com/watch?v=-maf9xb5tYg,8,9,1,sad
207,Manipuri,B. Kunjabihari Sharma,Male,Manipur,2,Naksinnaba yaadrabamp,https://www.youtube.com/watch?v=R0h1Kwlsuj4,8,9,1,fear
208,Manipuri,B. Kunjabihari Sharma,Male,Manipur,3,Dolai Thakta Phamlaga Ningamdana kaplibi,https://www.youtube.com/watch?v=3_k_4RzQT78,8,9,1,netural
209,Manipuri,B. Kunjabihari Sharma,Male,Manipur,4,Unani khanna laakpanimp,https://www.youtube.com/watch?v=5hxyl3SrgBU,8,9,1,angry
210,Manipuri,B. Kunjabihari Sharma,Male,Manipur,5,Matam Amagi Chanabi,https://www.youtube.com/watch?v=tHLHxhMr800,8,9,1,happy
211,Manipuri,Pinky Saikhom,Female,Manipur,1,Shiroi Lily,https://www.youtube.com/watch?v=Glz9T3t4ZAk,8,40,0,sad
212,Manipuri,Pinky Saikhom,Female,Manipur,2,Kijeine Kijeine,https://www.youtube.com/watch?v=g06hjFfmeyw,8,40,0,fear
213,Manipuri,Pinky Saikhom,Female,Manipur,3,Khoyum Magi Khusemlakta,https://www.youtube.com/watch?v=e-jwD2m0Q7A,8,40,0,netural
214,Manipuri,Pinky Saikhom,Female,Manipur,4,LEINAMNA LEIKAI,https://www.youtube.com/watch?v=L4DeVrZmiWk,8,40,0,angry
215,Manipuri,Pinky Saikhom,Female,Manipur,5,Keibul Gee Sangai,https://www.youtube.com/watch?v=Zp-q_ZQ_GH4,8,40,0,happy
216,Manipuri,Pushparani,Female,Manipur,1,KHOIRANG E PUKNINGSE,https://www.youtube.com/watch?v=G82wLzAqCZQ,8,41,0,sad
217,Manipuri,Pushparani,Female,Manipur,2,Leibiyu Nangna,https://www.youtube.com/watch?v=5NF8lChbe38,8,41,0,fear
218,Manipuri,Pushparani,Female,Manipur,3,Kejeine ei d nungshigee meichak,https://www.youtube.com/watch?v=d3u9eQHlj8M,8,41,0,netural
219,Manipuri,Pushparani,Female,Manipur,4,Nangse Eigini,https://www.youtube.com/watch?v=hbJgLwdUwSk,8,41,0,angry
220,Manipuri,Pushparani,Female,Manipur,5,Nungshiba Nangi  Keifa  Kajal,https://www.youtube.com/watch?v=s15OuvIelHo,8,41,0,happy
221,Khasi and Jayantia,George Shadap,Male,Meghalaya,1,HANGNE NGA DON,https://www.youtube.com/watch?v=hNcYNmDVIAQ,9,18,1,sad
222,Khasi and Jayantia,George Shadap,Male,Meghalaya,2,KA RUKOM,https://www.youtube.com/watch?v=jcEcuoyfhG8,9,18,1,fear
223,Khasi and Jayantia,George Shadap,Male,Meghalaya,3,Genevieve Nongrum and George Shadap   KA RUKOM,https://www.youtube.com/watch?v=M25yqfx30_s,9,18,1,netural
224,Khasi and Jayantia,George Shadap,Male,Meghalaya,4,Ka Rukom,https://www.youtube.com/watch?v=699V6egdlEw,9,18,1,angry
225,Khasi and Jayantia,George Shadap,Male,Meghalaya,5,Kynjah ia phi,https://www.youtube.com/watch?v=y3R1t-w5yfc,9,18,1,happy
226,Khasi and Jayantia,Wanshankupar Suchiang,Male,Meghalaya,1,Burom ia ka Bei,https://www.youtube.com/watch?v=mVbrxtNSgjQ,9,65,1,sad
227,Khasi and Jayantia,Wanshankupar Suchiang,Male,Meghalaya,2,Hamee Tei Suchiang,https://www.youtube.com/watch?v=hWxEUuL4_3o,9,65,1,fear
228,Khasi and Jayantia,Wanshankupar Suchiang,Male,Meghalaya,3,Du ha pha,https://www.youtube.com/watch?v=Ic3-Gh0T6as,9,65,1,netural
229,Khasi and Jayantia,Wanshankupar Suchiang,Male,Meghalaya,4,U KAITOR UBA TBIT HA KA RWAI BAD HA KA THAW ÏA KI JINGRWAI BA SNGEWTYNNAT,https://www.youtube.com/watch?v=GU5BH4c2vjU,9,65,1,angry
230,Khasi and Jayantia,Wanshankupar Suchiang,Male,Meghalaya,5,Hapdeng Ki Syntiew,https://www.youtube.com/watch?v=LSqf7qNBfcE,9,65,1,happy
231,Khasi and Jayantia,Rida Gatphoh,Female,Meghalaya,1,Sur Ka Mariang,https://www.youtube.com/watch?v=eCyIjpvea-k,9,47,0,sad
232,Khasi and Jayantia,Rida Gatphoh,Female,Meghalaya,2,Rukom ka Ri The Many Lives of Land,https://www.youtube.com/watch?v=t5wicKY-UhY,9,47,0,fear
233,Khasi and Jayantia,Rida Gatphoh,Female,Meghalaya,3,Earthy a Fair,https://www.youtube.com/watch?v=3XDsCpmvTW8,9,47,0,netural
234,Khasi and Jayantia,Rida Gatphoh,Female,Meghalaya,4,Sacrifice,https://www.youtube.com/watch?v=j8Mp-A8n7r0,9,47,0,angry
235,Khasi and Jayantia,Rida Gatphoh,Female,Meghalaya,5,Dhai Aakhar Naam,https://www.youtube.com/watch?v=BFkS3_plQtU,9,47,0,happy
236,Khasi and Jayantia,Soulmate,Female,Meghalaya,1,Tipriti Kharbangar Shad Pynnang Pynnang  Live Performance,https://www.youtube.com/watch?v=ByUiSyXa-WM,9,58,0,sad
237,Khasi and Jayantia,Soulmate,Female,Meghalaya,2,Evalary Khyriem  Sier Lapalang,https://www.youtube.com/watch?v=26MqTvs4Vjo,9,58,0,fear
238,Khasi and Jayantia,Soulmate,Female,Meghalaya,3,Tipriti Kharbangar from Soulmate,https://www.youtube.com/watch?v=bwE6d9dL7SI,9,58,0,netural
239,Khasi and Jayantia,Soulmate,Female,Meghalaya,4,Give love,https://www.youtube.com/watch?v=tUagYxwewcU,9,58,0,angry
240,Khasi and Jayantia,Soulmate,Female,Meghalaya,5,GIVE LOVE ka thup jingrwaialbum thymmai  jong ka kynhun tem,https://www.youtube.com/watch?v=sHNWR5eOJpM,9,58,0,happy
241,Tamil,S. P. Balasubrahmanyam,Male,Tamil Nadu,1,Mannil Intha,https://www.youtube.com/watch?v=yHm8VhgO9p4,15,50,1,sad
242,Tamil,S. P. Balasubrahmanyam,Male,Tamil Nadu,2,Anjali Anjali,https://www.youtube.com/watch?v=bvHKOhV_tfw,15,50,1,fear
243,Tamil,S. P. Balasubrahmanyam,Male,Tamil Nadu,3,En Kadhale,https://www.youtube.com/watch?v=u0CtfXRibAw,15,50,1,netural
244,Tamil,S. P. Balasubrahmanyam,Male,Tamil Nadu,4,En Veetu Thottathil,https://www.youtube.com/watch?v=XBeh7qzRDUE,15,50,1,angry
245,Tamil,S. P. Balasubrahmanyam,Male,Tamil Nadu,5,July Matham Vanthal,https://www.youtube.com/watch?v=btU-pJczpEk,15,50,1,happy
246,Tamil,Hariharan,Male,Tamil Nadu,1,Anbe Anbe,https://www.youtube.com/watch?v=UOHyKC-M-HY,15,21,1,sad
247,Tamil,Hariharan,Male,Tamil Nadu,2,Chandiranai Thottathu Yaar Ratchagan,https://www.youtube.com/watch?v=g-bN-8hLuRA,15,21,1,fear
248,Tamil,Hariharan,Male,Tamil Nadu,3,Ennai Thalatta Varuvala  Kadhalukku Mariyathai Isaignani Ilayaraja,https://www.youtube.com/watch?v=22z0vPE7o0A,15,21,1,netural
249,Tamil,Hariharan,Male,Tamil Nadu,4,Oh Maname,https://www.youtube.com/watch?v=-iNRiHBMak4,15,21,1,angry
250,Tamil,Hariharan,Male,Tamil Nadu,5,Unnai NaanJay Jay Bharathwaj,https://www.youtube.com/watch?v=6ckj9IWvn6Y,15,21,1,happy
251,Tamil,Sistla Janaki,Female,Tamil Nadu,1,Raasave Unnai Vida  Aranamanai Kili,https://www.youtube.com/watch?v=rZS2N8oezpI,15,56,0,sad
252,Tamil,Sistla Janaki,Female,Tamil Nadu,2,Anbe Vaa Arugile,https://www.youtube.com/watch?v=U1RGeMwVcbo,15,56,0,fear
253,Tamil,Sistla Janaki,Female,Tamil Nadu,3,Unnai Naan Ariyen,https://www.youtube.com/watch?v=ftLzLaCYqk8,15,56,0,netural
254,Tamil,Sistla Janaki,Female,Tamil Nadu,4,Aasai athigam vachu,https://www.youtube.com/watch?v=uLkMOLBAO8g,15,56,0,angry
255,Tamil,Sistla Janaki,Female,Tamil Nadu,5,Vanmathi,https://www.youtube.com/watch?v=boGg8sGXs0E,15,56,0,happy
256,Tamil,K. S. Chithra,Female,Tamil Nadu,1,Thooliyile Aada Vantha,https://www.youtube.com/watch?v=jbxM-sw5Pcg,15,27,0,sad
257,Tamil,K. S. Chithra,Female,Tamil Nadu,2,Thai Pongalum Song,https://www.youtube.com/watch?v=XCAWz35ruR8,15,27,0,fear
258,Tamil,K. S. Chithra,Female,Tamil Nadu,3,Vandhathey Oh  Kizhakku Vaasal,https://www.youtube.com/watch?v=W19z9zHJyII,15,27,0,netural
259,Tamil,K. S. Chithra,Female,Tamil Nadu,4,Vanna Poongavanam,https://www.youtube.com/watch?v=8BPq-eTzTis,15,27,0,angry
260,Tamil,K. S. Chithra,Female,Tamil Nadu,5,Enna Marantha Poluthum,https://www.youtube.com/watch?v=IhvAir5nUl4,15,27,0,happy
261,Malayalam,K J Yesudas,Male,Kerala,1,Meenathil Thalikettu,https://www.youtube.com/watch?v=lowbHq2wlGQ,6,26,1,sad
262,Malayalam,K J Yesudas,Male,Kerala,2,En jeevane enganu nee,https://www.youtube.com/watch?v=T2k4UBOj1-Y,6,26,1,fear
263,Malayalam,K J Yesudas,Male,Kerala,3,Ente Ellam Ellam Alle,https://www.youtube.com/watch?v=KfUO9QUWpco,6,26,1,netural
264,Malayalam,K J Yesudas,Male,Kerala,4,Enna Varam Ketpen,https://www.youtube.com/watch?v=V2x9FGmxXM4,6,26,1,angry
265,Malayalam,K J Yesudas,Male,Kerala,5,Ennum Ninne Poojikkam  Aniyathipravu,https://www.youtube.com/watch?v=j45_YRlXZLs,6,26,1,happy
266,Malayalam,Mohanlal,Male,Kerala,1,Ariyathe Ariyathe,https://www.youtube.com/watch?v=vqD_xISL-ik,6,36,1,sad
267,Malayalam,Mohanlal,Male,Kerala,2,Nila Paithale,https://www.youtube.com/watch?v=DPCmoSs-WFI,6,36,1,fear
268,Malayalam,Mohanlal,Male,Kerala,3,Padam Vanamali  Kakkakuyil,https://www.youtube.com/watch?v=_3D8W2PwCfw,6,36,1,netural
269,Malayalam,Mohanlal,Male,Kerala,4,Konji Konji,https://www.youtube.com/watch?v=2gIWZPh_4mc,6,36,1,angry
270,Malayalam,Mohanlal,Male,Kerala,5,Pranayame,https://www.youtube.com/watch?v=DuW_HsbOYv4,6,36,1,happy
271,Malayalam,Sujatha Mohan,Female,Kerala,1,Chakkarakkili,https://www.youtube.com/watch?v=vkGEvlCKqbQ,6,59,0,sad
272,Malayalam,Sujatha Mohan,Female,Kerala,2,Priyane,https://www.youtube.com/watch?v=qmUg8-dQflE,6,59,0,fear
273,Malayalam,Sujatha Mohan,Female,Kerala,3,Kandu Kandu,https://www.youtube.com/watch?v=ekBl7MQaV7E,6,59,0,netural
274,Malayalam,Sujatha Mohan,Female,Kerala,4,Sundarano,https://www.youtube.com/watch?v=1FrgMgEsNxY,6,59,0,angry
275,Malayalam,Sujatha Mohan,Female,Kerala,5,Viral Thottu Vilichenkil,https://www.youtube.com/watch?v=IB-YkQFmZjU,6,59,0,happy
276,Malayalam,Shweta Mohan,Female,Kerala,1,Kayamboo Niramayi Su Su ,https://www.youtube.com/watch?v=VahMFSZYEIU,6,54,0,sad
277,Malayalam,Shweta Mohan,Female,Kerala,2,Chenthamara Chundil,https://www.youtube.com/watch?v=HCjwcYBu5iU,6,54,0,fear
278,Malayalam,Shweta Mohan,Female,Kerala,3,Malayalam Medley Cover,https://www.youtube.com/watch?v=Kp3p3wpik9I,6,54,0,netural
279,Malayalam,Shweta Mohan,Female,Kerala,4,Anuragalola Gatri,https://www.youtube.com/watch?v=qcrtXvA-4mM,6,54,0,angry
280,Malayalam,Shweta Mohan,Female,Kerala,5,Ambala Mutathe,https://www.youtube.com/watch?v=f8Enny6GL5Y,6,54,0,happy
281,Punjabi,Gurdas Maan,Male,Punjab,1,Roti,https://www.youtube.com/watch?v=7li2V6dj4-s,14,19,1,sad
282,Punjabi,Gurdas Maan,Male,Punjab,2,Punjab Song,https://www.youtube.com/watch?v=m60bi4SqQ1U,14,19,1,fear
283,Punjabi,Gurdas Maan,Male,Punjab,3,CHALLA,https://www.youtube.com/watch?v=KFVqtTpYmhY,14,19,1,netural
284,Punjabi,Gurdas Maan,Male,Punjab,4,Lakh Pardesi Hoiye,https://www.youtube.com/watch?v=Ue5eeifYzq0,14,19,1,angry
285,Punjabi,Gurdas Maan,Male,Punjab,5,Apna Punjab Hove,https://www.youtube.com/watch?v=1cHLSWmVnTE,14,19,1,happy
286,Punjabi,Hans Raj Hans,Male,Punjab,1,Chham Chham Roun Ankhiyaan,https://www.youtube.com/watch?v=xAsYnujTDsk,14,20,1,sad
287,Punjabi,Hans Raj Hans,Male,Punjab,2,Akhan Akhan Vich Dil Legi Chorni,https://www.youtube.com/watch?v=jhDuvQ6Kevs,14,20,1,fear
288,Punjabi,Hans Raj Hans,Male,Punjab,3,Nit Khair Manga,https://www.youtube.com/watch?v=cLtPi3OhpGc,14,20,1,netural
289,Punjabi,Hans Raj Hans,Male,Punjab,4,Mere Naina Vich/Rehan De,https://www.youtube.com/watch?v=L2DHPr-8tVE,14,20,1,angry
290,Punjabi,Hans Raj Hans,Male,Punjab,5,Mere Naina Vich,https://www.youtube.com/watch?v=STPXvRmTmyM,14,20,1,happy
291,Punjabi,Jaswinder Brar,Female,Punjab,1,Khetan De Raje,https://www.youtube.com/watch?v=pE8HenSL_3E,14,25,0,sad
292,Punjabi,Jaswinder Brar,Female,Punjab,2,Teri Yaad Nu Hata Lai,https://www.youtube.com/watch?v=5hfuCuPmAMw,14,25,0,fear
293,Punjabi,Jaswinder Brar,Female,Punjab,3,Kal Fer Teri Yaad,https://www.youtube.com/watch?v=UgQX2udob_8,14,25,0,netural
294,Punjabi,Jaswinder Brar,Female,Punjab,4,KALYUG,https://www.youtube.com/watch?v=lVE456ceg7A,14,25,0,angry
295,Punjabi,Jaswinder Brar,Female,Punjab,5,Viaah Di Chithi,https://www.youtube.com/watch?v=Y_xi6I0M2Xw,14,25,0,happy
296,Punjabi,Jasmine Sandlas,Female,Punjab,1,ILLEGAL WEAPON,https://www.youtube.com/watch?v=H7_yY3yr-jE,14,24,0,sad
297,Punjabi,Jasmine Sandlas,Female,Punjab,2,SIP SIP,https://www.youtube.com/watch?v=SUrbuJuP2hs,14,24,0,fear
298,Punjabi,Jasmine Sandlas,Female,Punjab,3,Nagni,https://www.youtube.com/watch?v=SB3LCR0qPzk,14,24,0,netural
299,Punjabi,Jasmine Sandlas,Female,Punjab,4,PANJEBA,https://www.youtube.com/watch?v=RRWTd8A5OUo,14,24,0,angry
300,Punjabi,Jasmine Sandlas,Female,Punjab,5,Whiskey Di Botal,https://www.youtube.com/watch?v=ix5pCUGWerk,14,24,0,happy
301,Telegu,L. V. Reventh,Male,Andhra Pradesh,1,Manohari,https://www.youtube.com/watch?v=yxrMv6JUmQg,0,29,1,sad
302,Telegu,L. V. Reventh,Male,Andhra Pradesh,2,Nanu Preminchaananu Maata,https://www.youtube.com/watch?v=urjstGviK_E,0,29,1,fear
303,Telegu,L. V. Reventh,Male,Andhra Pradesh,3,Radhamma Kuthuru,https://www.youtube.com/watch?v=yIFD3cNDqsQ,0,29,1,netural
304,Telegu,L. V. Reventh,Male,Andhra Pradesh,4,Ramya Krishnan ,https://www.youtube.com/watch?v=Q4S_N16D_3A,0,29,1,angry
305,Telegu,L. V. Reventh,Male,Andhra Pradesh,5,Vennelave vennelave,https://www.youtube.com/watch?v=_FFK0rUX6NU,0,29,1,happy
306,Telegu,S S Thaman,Male,Andhra Pradesh,1,Oorikokka Raaja Yuvarathnaa,https://www.youtube.com/watch?v=BqCPFXZ-DqU,0,49,1,sad
307,Telegu,S S Thaman,Male,Andhra Pradesh,2,Reddy Ikkada Soodu,https://youtu.be/pKguNINOFGM,0,49,1,fear
308,Telegu,S S Thaman,Male,Andhra Pradesh,3,Sweety Sweety,https://www.youtube.com/watch?v=-7DEJVJG0pc,0,49,1,netural
309,Telegu,S S Thaman,Male,Andhra Pradesh,4,Inkosaari Inkosaari,https://www.youtube.com/watch?v=90CYzyKnyNs,0,49,1,angry
310,Telegu,S S Thaman,Male,Andhra Pradesh,5,Paatashaala Yuvarathnaa,https://youtu.be/XRFLKld-BF8,0,49,1,happy
311,Telegu,S P Sailaja,Female,Andhra Pradesh,1,Priyathama Neevachata,https://www.youtube.com/watch?v=EP_6MwKB2rI,0,48,0,sad
312,Telegu,S P Sailaja,Female,Andhra Pradesh,2,Amma Annadhi,https://www.youtube.com/watch?v=b8klipC-_bA,0,48,0,fear
313,Telegu,S P Sailaja,Female,Andhra Pradesh,3,Swarabhishekam  సవరభషక  S P Sailaja  Mano  S  P  Charan Performance,https://www.youtube.com/watch?v=MlgLzLRk61k,0,48,0,netural
314,Telegu,S P Sailaja,Female,Andhra Pradesh,4,Chalaki Chinadi,https://www.youtube.com/watch?v=QMqhjTsDH9I,0,48,0,angry
315,Telegu,S P Sailaja,Female,Andhra Pradesh,5,Randi Randi,https://www.youtube.com/watch?v=qe43o2iyWrs,0,48,0,happy
316,Telegu,Malavika,Female,Andhra Pradesh,1,Tolisari Mimmalni,https://www.youtube.com/watch?v=42ToPg_57eQ,0,32,0,sad
317,Telegu,Malavika,Female,Andhra Pradesh,2,Nuvante Istamani,https://www.youtube.com/watch?v=iiXhNBTAXQE,0,32,0,fear
318,Telegu,Malavika,Female,Andhra Pradesh,3,Nee Palukulu,https://www.youtube.com/watch?v=P1iVmHgk4o8,0,32,0,netural
319,Telegu,Malavika,Female,Andhra Pradesh,4,Shakthi  Yamaga Unde Ni Andam,https://www.youtube.com/watch?v=in2w4wnvcD8,0,32,0,angry
320,Telegu,Malavika,Female,Andhra Pradesh,5,Andala Navvu,https://www.youtube.com/watch?v=v-nkGsxgyPw,0,32,0,happy
321,Kannada,P. B. Sreenivas,Male,Karnataka,1,Aadona Neenu Naanu Enna Aase,https://www.youtube.com/watch?v=qjOfUMUmOz0,5,39,1,sad
322,Kannada,P. B. Sreenivas,Male,Karnataka,2,Aadisi Nodu Beelisi Nodu,https://www.youtube.com/watch?v=x7E9N6S6EJ4,5,39,1,fear
323,Kannada,P. B. Sreenivas,Male,Karnataka,3,Kula Kula Kulavendu,https://www.youtube.com/watch?v=F3A0kVdMqB4,5,39,1,netural
324,Kannada,P. B. Sreenivas,Male,Karnataka,4,Endu Nina Noduve,https://www.youtube.com/watch?v=pAhcoHaR9bQ,5,39,1,angry
325,Kannada,P. B. Sreenivas,Male,Karnataka,5,Kalyana Buta Tirupatigirivasa,https://www.youtube.com/watch?v=CtTLvy-QjrI,5,39,1,happy
326,Kannada,Rajkumar,Male,Karnataka,1,Naanu Nimmavanu  Purushotthama,https://www.youtube.com/watch?v=YSbIe5VBhRI,5,43,1,sad
327,Kannada,Rajkumar,Male,Karnataka,2,Kurubana Rani  Taali Taali,https://www.youtube.com/watch?v=CVpW5g4GssA,5,43,1,fear
328,Kannada,Rajkumar,Male,Karnataka,3,Appu  Aa Devara Haadidu,https://www.youtube.com/watch?v=u8YrhG45I0s,5,43,1,netural
329,Kannada,Rajkumar,Male,Karnataka,4,Jaggadu Jaggadu Yaarigu Hagalu Vesha,https://www.youtube.com/watch?v=2IF65swAIA4,5,43,1,angry
330,Kannada,Rajkumar,Male,Karnataka,5,Nooraru Nenapina,https://www.youtube.com/watch?v=sInSZLOj0MQ,5,43,1,happy
331,Kannada,B. K. Sumitra,Female,Karnataka,1,Mayadantha Male,https://www.youtube.com/watch?v=Qm6hQXJsXxQ,5,8,0,sad
332,Kannada,B. K. Sumitra,Female,Karnataka,2,Yenthavanirabeka,https://youtu.be/ZDJwSnJWBBs,5,8,0,fear
333,Kannada,B. K. Sumitra,Female,Karnataka,3,Nodavalandava  Chandrike,https://www.youtube.com/watch?v=pgGNBaIzrAM,5,8,0,netural
334,Kannada,B. K. Sumitra,Female,Karnataka,4,Ghallu Ghallenutha  Govindennire Govinda,https://www.youtube.com/watch?v=my24j3bZKNI,5,8,0,angry
335,Kannada,B. K. Sumitra,Female,Karnataka,5,Ooramele Oora,https://www.youtube.com/watch?v=Bp7Nw6FHXxw,5,8,0,happy
336,Kannada,Anuradha Bhat,Female,Karnataka,1,Mungaru Male 2  Neenu Irade,https://www.youtube.com/watch?v=nJ0HkQdIOGU,5,4,0,sad
337,Kannada,Anuradha Bhat,Female,Karnataka,2,Olavina Jothe,https://www.youtube.com/watch?v=jDK3SbAtmTo,5,4,0,fear
338,Kannada,Anuradha Bhat,Female,Karnataka,3,Kariya 2  Malegalada,https://www.youtube.com/watch?v=tiw707OpMrU,5,4,0,netural
339,Kannada,Anuradha Bhat,Female,Karnataka,4,Amma Ninna  Athi Aparoopa,https://www.youtube.com/watch?v=TiaTlm9KHGI,5,4,0,angry
340,Kannada,Anuradha Bhat,Female,Karnataka,5,Sanjeeya,https://www.youtube.com/watch?v=En3E6ifTZcA,5,4,0,happy
